dt,LandAndOceanAverageTemperature,LandAndOceanAverageTemperatureUncertainty
1850-01-01,12.832999999999998,0.3670000000000001
1850-02-01,13.588,0.414
1850-03-01,14.043,0.341
1850-04-01,14.667,0.267
1850-05-01,15.507,0.249
1850-06-01,16.352999999999998,0.245
1850-07-01,16.783,0.238
1850-08-01,16.718,0.28
1850-09-01,15.886,0.254
1850-10-01,14.831,0.297
1850-11-01,13.897,0.368
1850-12-01,13.3,0.378
1851-01-01,13.245,0.362
1851-02-01,13.331,0.361
1851-03-01,13.897,0.33
1851-04-01,14.64,0.298
1851-05-01,15.771,0.322
1851-06-01,16.496000000000002,0.261
1851-07-01,16.831,0.244
1851-08-01,16.621000000000002,0.276
1851-09-01,16.058,0.25
1851-10-01,15.213,0.358
1851-11-01,14.161,0.344
1851-12-01,13.638,0.339
1852-01-01,13.231,0.438
1852-02-01,13.311,0.371
1852-03-01,13.736,0.317
1852-04-01,14.786,0.377
1852-05-01,15.899,0.298
1852-06-01,16.619,0.243
1852-07-01,16.984,0.278
1852-08-01,16.566,0.277
1852-09-01,16.038,0.261
1852-10-01,15.178,0.25
1852-11-01,13.948,0.26
1852-12-01,13.782,0.4270000000000001
1853-01-01,13.143,0.356
1853-02-01,13.362,0.457
1853-03-01,14.033,0.306
1853-04-01,14.919,0.283
1853-05-01,15.793,0.261
1853-06-01,16.455000000000002,0.24
1853-07-01,16.999000000000002,0.238
1853-08-01,16.789,0.25
1853-09-01,15.942,0.259
1853-10-01,14.874,0.211
1853-11-01,13.829,0.29
1853-12-01,13.324000000000002,0.255
1854-01-01,12.983,0.313
1854-02-01,13.248,0.342
1854-03-01,14.089,0.267
1854-04-01,14.945,0.242
1854-05-01,15.793,0.233
1854-06-01,16.285999999999998,0.206
1854-07-01,16.775000000000002,0.282
1854-08-01,16.707,0.288
1854-09-01,16.098,0.21
1854-10-01,15.378,0.309
1854-11-01,14.123,0.261
1854-12-01,13.467,0.364
1855-01-01,13.384,0.442
1855-02-01,13.646,0.402
1855-03-01,14.172,0.294
1855-04-01,15.187,0.328
1855-05-01,15.822,0.267
1855-06-01,16.445,0.264
1855-07-01,16.675,0.225
1855-08-01,16.685000000000002,0.214
1855-09-01,15.829,0.226
1855-10-01,15.075,0.264
1855-11-01,14.118,0.246
1855-12-01,13.215,0.322
1856-01-01,13.368,0.261
1856-02-01,13.311,0.306
1856-03-01,13.957,0.252
1856-04-01,14.945,0.217
1856-05-01,15.813,0.296
1856-06-01,16.492,0.264
1856-07-01,16.675,0.185
1856-08-01,16.39,0.285
1856-09-01,15.640999999999998,0.289
1856-10-01,14.783,0.256
1856-11-01,13.856,0.211
1856-12-01,13.321,0.3
1857-01-01,12.972,0.3
1857-02-01,13.385000000000002,0.29
1857-03-01,13.916,0.278
1857-04-01,14.481,0.212
1857-05-01,15.279000000000002,0.241
1857-06-01,16.175,0.267
1857-07-01,16.477999999999998,0.266
1857-08-01,16.459,0.266
1857-09-01,15.84,0.241
1857-10-01,14.918,0.255
1857-11-01,13.829,0.241
1857-12-01,13.367,0.26
1858-01-01,13.220999999999998,0.347
1858-02-01,13.29,0.236
1858-03-01,14.044,0.255
1858-04-01,14.967,0.239
1858-05-01,15.541,0.231
1858-06-01,16.172,0.248
1858-07-01,16.51,0.266
1858-08-01,16.489,0.216
1858-09-01,15.833,0.213
1858-10-01,15.114,0.246
1858-11-01,14.134,0.276
1858-12-01,13.263,0.249
1859-01-01,13.058,0.326
1859-02-01,13.33,0.327
1859-03-01,14.104,0.312
1859-04-01,15.197,0.246
1859-05-01,15.868,0.238
1859-06-01,16.400000000000002,0.226
1859-07-01,16.494,0.234
1859-08-01,16.45,0.205
1859-09-01,15.589,0.204
1859-10-01,15.062,0.25
1859-11-01,14.094,0.244
1859-12-01,13.513,0.287
1860-01-01,13.17,0.294
1860-02-01,13.424,0.275
1860-03-01,13.714,0.302
1860-04-01,14.861,0.209
1860-05-01,15.758,0.276
1860-06-01,16.338,0.24
1860-07-01,16.737000000000002,0.221
1860-08-01,16.634,0.234
1860-09-01,16.133,0.242
1860-10-01,15.076,0.223
1860-11-01,13.922,0.233
1860-12-01,12.828,0.277
1861-01-01,12.475,0.299
1861-02-01,12.917000000000002,0.28
1861-03-01,13.824000000000002,0.3
1861-04-01,15.018,0.291
1861-05-01,15.489,0.277
1861-06-01,16.358,0.319
1861-07-01,16.547,0.261
1861-08-01,16.715999999999998,0.264
1861-09-01,15.927,0.243
1861-10-01,14.905,0.244
1861-11-01,14.095,0.24
1861-12-01,13.337,0.324
1862-01-01,12.658,0.378
1862-02-01,13.192,0.295
1862-03-01,14.044,0.284
1862-04-01,14.825,0.316
1862-05-01,15.708,0.26
1862-06-01,16.349,0.244
1862-07-01,16.593,0.232
1862-08-01,16.305999999999997,0.247
1862-09-01,15.788,0.245
1862-10-01,14.902,0.269
1862-11-01,13.784,0.31
1862-12-01,12.732,0.3720000000000001
1863-01-01,13.296,0.417
1863-02-01,13.634,0.389
1863-03-01,14.005999999999998,0.312
1863-04-01,15.01,0.319
1863-05-01,15.823,0.281
1863-06-01,16.224,0.266
1863-07-01,16.575,0.301
1863-08-01,16.437,0.276
1863-09-01,15.898,0.283
1863-10-01,14.978,0.278
1863-11-01,13.992,0.287
1863-12-01,13.356,0.387
1864-01-01,12.879,0.332
1864-02-01,13.275,0.3720000000000001
1864-03-01,13.99,0.307
1864-04-01,14.83,0.291
1864-05-01,15.851,0.282
1864-06-01,16.490000000000002,0.285
1864-07-01,16.715,0.256
1864-08-01,16.494,0.25
1864-09-01,15.85,0.271
1864-10-01,14.972,0.251
1864-11-01,14.140999999999998,0.281
1864-12-01,13.271,0.276
1865-01-01,13.503,0.348
1865-02-01,13.505999999999998,0.329
1865-03-01,13.914,0.3229999999999999
1865-04-01,14.861,0.3
1865-05-01,15.755999999999998,0.27
1865-06-01,16.414,0.277
1865-07-01,16.749000000000002,0.292
1865-08-01,16.657,0.287
1865-09-01,16.082,0.29
1865-10-01,15.157,0.286
1865-11-01,14.101,0.316
1865-12-01,13.26,0.333
1866-01-01,13.467,0.325
1866-02-01,13.586,0.328
1866-03-01,13.95,0.309
1866-04-01,14.713,0.267
1866-05-01,15.63,0.279
1866-06-01,16.596,0.258
1866-07-01,17.06,0.259
1866-08-01,16.695,0.288
1866-09-01,15.918,0.272
1866-10-01,15.062,0.28
1866-11-01,14.275,0.269
1866-12-01,13.732,0.299
1867-01-01,13.371,0.364
1867-02-01,13.458,0.348
1867-03-01,14.073,0.267
1867-04-01,15.1,0.277
1867-05-01,15.56,0.241
1867-06-01,16.366,0.252
1867-07-01,16.672,0.244
1867-08-01,16.454,0.256
1867-09-01,16.147000000000002,0.254
1867-10-01,15.318,0.251
1867-11-01,14.632,0.31
1867-12-01,13.553,0.365
1868-01-01,13.012,0.304
1868-02-01,13.295,0.3229999999999999
1868-03-01,14.135,0.256
1868-04-01,15.082,0.241
1868-05-01,15.992,0.241
1868-06-01,16.529,0.231
1868-07-01,17.025000000000002,0.226
1868-08-01,16.793,0.251
1868-09-01,16.107,0.217
1868-10-01,15.376,0.218
1868-11-01,14.174,0.224
1868-12-01,13.643,0.26
1869-01-01,13.289,0.35
1869-02-01,13.951,0.303
1869-03-01,13.947,0.255
1869-04-01,15.015999999999998,0.281
1869-05-01,15.896,0.254
1869-06-01,16.396,0.234
1869-07-01,16.667,0.218
1869-08-01,16.711000000000002,0.201
1869-09-01,16.18,0.193
1869-10-01,15.171,0.206
1869-11-01,14.255,0.216
1869-12-01,13.307,0.212
1870-01-01,13.303999999999998,0.277
1870-02-01,13.359000000000002,0.253
1870-03-01,14.139,0.22
1870-04-01,15.052,0.218
1870-05-01,15.826,0.235
1870-06-01,16.511000000000006,0.208
1870-07-01,16.86,0.19
1870-08-01,16.617,0.196
1870-09-01,16.073,0.195
1870-10-01,15.056,0.234
1870-11-01,14.079,0.229
1870-12-01,13.175999999999998,0.243
1871-01-01,13.089,0.287
1871-02-01,13.299,0.326
1871-03-01,14.223,0.251
1871-04-01,15.233,0.206
1871-05-01,15.77,0.205
1871-06-01,16.458000000000002,0.188
1871-07-01,16.858,0.193
1871-08-01,16.653000000000002,0.193
1871-09-01,16.02,0.219
1871-10-01,15.061,0.206
1871-11-01,13.972,0.285
1871-12-01,13.435,0.225
1872-01-01,13.041,0.325
1872-02-01,13.376,0.301
1872-03-01,14.107,0.239
1872-04-01,14.969,0.217
1872-05-01,15.927,0.21
1872-06-01,16.361,0.193
1872-07-01,16.843,0.205
1872-08-01,16.822,0.2
1872-09-01,16.173000000000002,0.178
1872-10-01,15.181,0.187
1872-11-01,14.101,0.209
1872-12-01,13.331,0.302
1873-01-01,13.353,0.251
1873-02-01,13.707,0.269
1873-03-01,14.151,0.253
1873-04-01,14.879,0.239
1873-05-01,15.821,0.204
1873-06-01,16.429000000000002,0.215
1873-07-01,16.805,0.194
1873-08-01,16.726,0.191
1873-09-01,15.965,0.189
1873-10-01,15.13,0.203
1873-11-01,14.094,0.215
1873-12-01,13.531,0.242
1874-01-01,13.392,0.283
1874-02-01,13.458,0.258
1874-03-01,13.807,0.225
1874-04-01,14.91,0.186
1874-05-01,15.75,0.207
1874-06-01,16.211000000000002,0.205
1874-07-01,16.745,0.197
1874-08-01,16.645,0.182
1874-09-01,16.122,0.178
1874-10-01,15.005,0.195
1874-11-01,14.013,0.23
1874-12-01,13.425999999999998,0.214
1875-01-01,13.027,0.246
1875-02-01,13.35,0.257
1875-03-01,13.974,0.2
1875-04-01,14.923,0.186
1875-05-01,15.792,0.183
1875-06-01,16.358,0.185
1875-07-01,16.683,0.175
1875-08-01,16.637999999999998,0.187
1875-09-01,16.059,0.186
1875-10-01,15.125,0.185
1875-11-01,13.905,0.182
1875-12-01,13.229,0.193
1876-01-01,13.1,0.209
1876-02-01,13.496,0.208
1876-03-01,14.047,0.21
1876-04-01,14.95,0.193
1876-05-01,15.57,0.204
1876-06-01,16.290000000000006,0.154
1876-07-01,16.848,0.173
1876-08-01,16.579,0.186
1876-09-01,15.89,0.2
1876-10-01,15.047,0.175
1876-11-01,13.903,0.187
1876-12-01,13.193,0.221
1877-01-01,13.306,0.249
1877-02-01,13.732,0.232
1877-03-01,14.459,0.204
1877-04-01,15.126,0.197
1877-05-01,15.854,0.185
1877-06-01,16.594,0.2
1877-07-01,17.004,0.183
1877-08-01,17.076,0.174
1877-09-01,16.437,0.187
1877-10-01,15.536,0.165
1877-11-01,14.564,0.195
1877-12-01,13.704,0.19
1878-01-01,13.537999999999998,0.191
1878-02-01,14.177,0.214
1878-03-01,14.882,0.203
1878-04-01,15.573,0.185
1878-05-01,16.016,0.188
1878-06-01,16.711000000000002,0.185
1878-07-01,16.999000000000002,0.183
1878-08-01,16.905,0.184
1878-09-01,16.267,0.177
1878-10-01,15.307,0.165
1878-11-01,14.388,0.184
1878-12-01,13.526,0.176
1879-01-01,13.349,0.23
1879-02-01,13.63,0.233
1879-03-01,14.34,0.183
1879-04-01,14.987,0.182
1879-05-01,15.807,0.1639999999999999
1879-06-01,16.500999999999998,0.176
1879-07-01,16.746000000000002,0.1639999999999999
1879-08-01,16.635,0.171
1879-09-01,16.007,0.163
1879-10-01,15.25,0.156
1879-11-01,14.203,0.168
1879-12-01,13.318,0.211
1880-01-01,13.129,0.204
1880-02-01,13.407,0.187
1880-03-01,14.273,0.186
1880-04-01,15.008,0.194
1880-05-01,15.85,0.172
1880-06-01,16.400000000000002,0.175
1880-07-01,16.687,0.1669999999999999
1880-08-01,16.695,0.163
1880-09-01,15.918,0.148
1880-10-01,15.024,0.149
1880-11-01,14.233,0.162
1880-12-01,13.48,0.168
1881-01-01,13.396,0.221
1881-02-01,13.625,0.21
1881-03-01,14.355,0.193
1881-04-01,15.267,0.157
1881-05-01,15.999,0.172
1881-06-01,16.329,0.1639999999999999
1881-07-01,16.783,0.155
1881-08-01,16.665,0.154
1881-09-01,15.982,0.141
1881-10-01,15.115,0.148
1881-11-01,14.019,0.157
1881-12-01,13.511,0.1689999999999999
1882-01-01,13.632,0.18
1882-02-01,13.843,0.172
1882-03-01,14.339,0.185
1882-04-01,15.031,0.156
1882-05-01,15.816,0.151
1882-06-01,16.355999999999998,0.142
1882-07-01,16.634,0.148
1882-08-01,16.678,0.171
1882-09-01,16.108,0.141
1882-10-01,15.022,0.151
1882-11-01,14.033,0.157
1882-12-01,13.187,0.1669999999999999
1883-01-01,13.106,0.19
1883-02-01,13.358,0.18
1883-03-01,14.236,0.162
1883-04-01,14.916,0.166
1883-05-01,15.825,0.153
1883-06-01,16.512,0.139
1883-07-01,16.664,0.146
1883-08-01,16.538,0.136
1883-09-01,15.956,0.1369999999999999
1883-10-01,15.054,0.123
1883-11-01,13.943,0.135
1883-12-01,13.451,0.147
1884-01-01,13.279000000000002,0.17
1884-02-01,13.6,0.176
1884-03-01,13.914,0.174
1884-04-01,14.744000000000002,0.136
1884-05-01,15.558,0.14
1884-06-01,16.185000000000002,0.144
1884-07-01,16.434,0.143
1884-08-01,16.408,0.151
1884-09-01,15.826,0.148
1884-10-01,14.954,0.13
1884-11-01,13.827,0.144
1884-12-01,13.27,0.152
1885-01-01,12.889,0.215
1885-02-01,13.327,0.192
1885-03-01,14.021,0.146
1885-04-01,14.747,0.148
1885-05-01,15.565,0.145
1885-06-01,16.105,0.129
1885-07-01,16.601,0.142
1885-08-01,16.438,0.157
1885-09-01,15.907,0.14
1885-10-01,15.054,0.1369999999999999
1885-11-01,14.057,0.143
1885-12-01,13.542,0.165
1886-01-01,13.001,0.181
1886-02-01,13.175999999999998,0.16
1886-03-01,13.888,0.135
1886-04-01,14.841,0.129
1886-05-01,15.837,0.165
1886-06-01,16.197000000000006,0.127
1886-07-01,16.622,0.138
1886-08-01,16.458000000000002,0.1369999999999999
1886-09-01,15.831,0.131
1886-10-01,14.979,0.139
1886-11-01,13.877,0.141
1886-12-01,13.316,0.161
1887-01-01,12.62,0.187
1887-02-01,13.095999999999998,0.166
1887-03-01,13.946,0.16
1887-04-01,14.941,0.141
1887-05-01,15.651,0.153
1887-06-01,16.214000000000002,0.136
1887-07-01,16.63,0.1369999999999999
1887-08-01,16.372,0.138
1887-09-01,15.916,0.147
1887-10-01,14.983,0.126
1887-11-01,14.037,0.145
1887-12-01,13.386,0.166
1888-01-01,13.132,0.148
1888-02-01,13.32,0.165
1888-03-01,13.972,0.152
1888-04-01,14.938,0.157
1888-05-01,15.73,0.152
1888-06-01,16.360000000000007,0.153
1888-07-01,16.686,0.135
1888-08-01,16.611,0.158
1888-09-01,15.995,0.142
1888-10-01,15.318,0.131
1888-11-01,14.259,0.144
1888-12-01,13.608,0.154
1889-01-01,13.417,0.168
1889-02-01,13.954,0.156
1889-03-01,14.446,0.165
1889-04-01,15.305,0.146
1889-05-01,15.915,0.153
1889-06-01,16.498,0.132
1889-07-01,16.796,0.144
1889-08-01,16.604,0.153
1889-09-01,15.913,0.146
1889-10-01,15.116,0.139
1889-11-01,13.996,0.1689999999999999
1889-12-01,13.401,0.158
1890-01-01,13.068,0.157
1890-02-01,13.394,0.157
1890-03-01,13.890999999999998,0.158
1890-04-01,14.875,0.153
1890-05-01,15.624,0.156
1890-06-01,16.25,0.147
1890-07-01,16.528,0.153
1890-08-01,16.427,0.148
1890-09-01,15.842,0.145
1890-10-01,15.02,0.135
1890-11-01,13.803,0.138
1890-12-01,13.367,0.149
1891-01-01,13.037,0.155
1891-02-01,13.298,0.165
1891-03-01,14.191,0.153
1891-04-01,14.918,0.147
1891-05-01,15.844,0.162
1891-06-01,16.297,0.1369999999999999
1891-07-01,16.62,0.155
1891-08-01,16.549,0.162
1891-09-01,16.07,0.14
1891-10-01,15.023,0.147
1891-11-01,13.92,0.151
1891-12-01,13.559,0.1689999999999999
1892-01-01,13.264,0.162
1892-02-01,13.667000000000002,0.146
1892-03-01,13.979,0.158
1892-04-01,14.803999999999998,0.149
1892-05-01,15.655,0.158
1892-06-01,16.303,0.149
1892-07-01,16.476,0.157
1892-08-01,16.39,0.155
1892-09-01,15.998,0.145
1892-10-01,15.126,0.147
1892-11-01,13.732,0.156
1892-12-01,13.196,0.19
1893-01-01,12.702,0.186
1893-02-01,13.23,0.161
1893-03-01,14.111,0.163
1893-04-01,14.871,0.147
1893-05-01,15.662,0.155
1893-06-01,16.382,0.144
1893-07-01,16.788,0.155
1893-08-01,16.650000000000002,0.153
1893-09-01,15.932,0.139
1893-10-01,15.152,0.139
1893-11-01,14.079,0.144
1893-12-01,13.388,0.165
1894-01-01,13.039,0.159
1894-02-01,13.455,0.155
1894-03-01,14.08,0.1669999999999999
1894-04-01,14.794,0.156
1894-05-01,15.656,0.148
1894-06-01,16.226000000000006,0.142
1894-07-01,16.687,0.156
1894-08-01,16.565,0.151
1894-09-01,15.927,0.141
1894-10-01,15.165,0.134
1894-11-01,14.036,0.146
1894-12-01,13.347,0.149
1895-01-01,13.084,0.14
1895-02-01,13.303,0.153
1895-03-01,13.989,0.157
1895-04-01,15.005,0.154
1895-05-01,15.703,0.158
1895-06-01,16.352,0.141
1895-07-01,16.715999999999998,0.153
1895-08-01,16.612000000000002,0.151
1895-09-01,15.981,0.141
1895-10-01,15.151,0.125
1895-11-01,14.219,0.138
1895-12-01,13.513,0.151
1896-01-01,13.366,0.162
1896-02-01,13.576,0.146
1896-03-01,14.047,0.145
1896-04-01,14.895,0.16
1896-05-01,15.817,0.16
1896-06-01,16.515,0.14
1896-07-01,16.866,0.151
1896-08-01,16.762,0.157
1896-09-01,16.143,0.142
1896-10-01,15.27,0.13
1896-11-01,14.187,0.141
1896-12-01,13.643,0.142
1897-01-01,13.312,0.161
1897-02-01,13.555,0.145
1897-03-01,14.152,0.155
1897-04-01,15.217,0.143
1897-05-01,16.02,0.145
1897-06-01,16.505000000000006,0.155
1897-07-01,16.783,0.161
1897-08-01,16.676000000000002,0.161
1897-09-01,16.067999999999998,0.133
1897-10-01,15.168,0.135
1897-11-01,14.047,0.153
1897-12-01,13.401,0.145
1898-01-01,13.396,0.149
1898-02-01,13.364,0.149
1898-03-01,13.749,0.143
1898-04-01,14.868,0.155
1898-05-01,15.621,0.144
1898-06-01,16.393,0.1639999999999999
1898-07-01,16.627,0.154
1898-08-01,16.512,0.161
1898-09-01,15.914,0.149
1898-10-01,14.915,0.131
1898-11-01,13.933,0.139
1898-12-01,13.351,0.144
1899-01-01,13.306,0.147
1899-02-01,13.399,0.1669999999999999
1899-03-01,14.003,0.143
1899-04-01,15.026,0.153
1899-05-01,15.836,0.143
1899-06-01,16.243000000000002,0.141
1899-07-01,16.689,0.15
1899-08-01,16.746000000000002,0.157
1899-09-01,16.178,0.138
1899-10-01,15.287,0.134
1899-11-01,14.455,0.144
1899-12-01,13.412,0.153
1900-01-01,13.142,0.142
1900-02-01,13.777,0.173
1900-03-01,14.4,0.141
1900-04-01,15.17,0.151
1900-05-01,15.955,0.159
1900-06-01,16.515,0.147
1900-07-01,16.785,0.154
1900-08-01,16.699,0.159
1900-09-01,16.124000000000002,0.147
1900-10-01,15.373,0.14
1900-11-01,14.189,0.1369999999999999
1900-12-01,13.598,0.153
1901-01-01,13.29,0.141
1901-02-01,13.66,0.163
1901-03-01,14.383,0.138
1901-04-01,15.22,0.151
1901-05-01,15.936,0.154
1901-06-01,16.441000000000006,0.145
1901-07-01,16.718,0.158
1901-08-01,16.663,0.148
1901-09-01,16.000999999999998,0.14
1901-10-01,15.087,0.138
1901-11-01,14.101,0.1369999999999999
1901-12-01,13.38,0.136
1902-01-01,13.302,0.13
1902-02-01,13.691,0.148
1902-03-01,14.1,0.127
1902-04-01,14.958,0.141
1902-05-01,15.719,0.145
1902-06-01,16.284000000000002,0.129
1902-07-01,16.69,0.145
1902-08-01,16.590999999999998,0.144
1902-09-01,16.032,0.134
1902-10-01,14.991,0.121
1902-11-01,13.902,0.128
1902-12-01,13.24,0.134
1903-01-01,13.275,0.128
1903-02-01,13.668,0.132
1903-03-01,14.05,0.124
1903-04-01,14.800999999999998,0.136
1903-05-01,15.645,0.139
1903-06-01,16.160999999999998,0.127
1903-07-01,16.496000000000002,0.146
1903-08-01,16.304000000000002,0.146
1903-09-01,15.771,0.145
1903-10-01,14.835,0.118
1903-11-01,13.828,0.132
1903-12-01,13.205,0.145
1904-01-01,12.957,0.152
1904-02-01,13.154000000000002,0.147
1904-03-01,13.859000000000002,0.133
1904-04-01,14.755,0.1369999999999999
1904-05-01,15.573,0.133
1904-06-01,16.207,0.128
1904-07-01,16.525000000000002,0.134
1904-08-01,16.403000000000002,0.1369999999999999
1904-09-01,15.768,0.129
1904-10-01,14.947,0.118
1904-11-01,14.144,0.119
1904-12-01,13.433,0.13
1905-01-01,13.205,0.14
1905-02-01,13.206,0.1369999999999999
1905-03-01,14.035,0.125
1905-04-01,14.857,0.128
1905-05-01,15.788,0.131
1905-06-01,16.379,0.125
1905-07-01,16.651,0.133
1905-08-01,16.558,0.134
1905-09-01,16.004,0.123
1905-10-01,15.091,0.122
1905-11-01,14.232,0.127
1905-12-01,13.45,0.123
1906-01-01,13.25,0.1369999999999999
1906-02-01,13.502,0.135
1906-03-01,14.245,0.117
1906-04-01,15.23,0.122
1906-05-01,15.769,0.132
1906-06-01,16.436,0.127
1906-07-01,16.662,0.1369999999999999
1906-08-01,16.593,0.134
1906-09-01,15.95,0.122
1906-10-01,15.152,0.116
1906-11-01,14.054,0.116
1906-12-01,13.54,0.148
1907-01-01,13.108,0.128
1907-02-01,13.257,0.129
1907-03-01,14.15,0.123
1907-04-01,14.918,0.133
1907-05-01,15.602,0.132
1907-06-01,16.253,0.13
1907-07-01,16.596,0.133
1907-08-01,16.456,0.132
1907-09-01,15.902,0.119
1907-10-01,15.159,0.115
1907-11-01,13.872,0.115
1907-12-01,13.225,0.121
1908-01-01,13.16,0.123
1908-02-01,13.441,0.124
1908-03-01,13.783,0.1369999999999999
1908-04-01,14.800999999999998,0.129
1908-05-01,15.757,0.13
1908-06-01,16.289,0.119
1908-07-01,16.618000000000002,0.129
1908-08-01,16.365000000000002,0.134
1908-09-01,15.93,0.119
1908-10-01,14.883,0.112
1908-11-01,13.842,0.116
1908-12-01,13.189,0.129
1909-01-01,12.839,0.132
1909-02-01,13.35,0.125
1909-03-01,13.852,0.122
1909-04-01,14.719,0.122
1909-05-01,15.6,0.127
1909-06-01,16.191000000000006,0.114
1909-07-01,16.437,0.123
1909-08-01,16.496000000000002,0.126
1909-09-01,15.849,0.112
1909-10-01,14.941,0.102
1909-11-01,13.993,0.108
1909-12-01,13.217,0.121
1910-01-01,13.139,0.114
1910-02-01,13.317,0.122
1910-03-01,13.872,0.112
1910-04-01,14.845,0.12
1910-05-01,15.712,0.128
1910-06-01,16.264000000000006,0.11
1910-07-01,16.543,0.13
1910-08-01,16.477,0.126
1910-09-01,15.875,0.112
1910-10-01,15.019,0.105
1910-11-01,13.75,0.109
1910-12-01,13.015999999999998,0.123
1911-01-01,12.908,0.128
1911-02-01,13.164,0.107
1911-03-01,13.752,0.108
1911-04-01,14.716,0.115
1911-05-01,15.497,0.119
1911-06-01,16.108,0.108
1911-07-01,16.430999999999997,0.122
1911-08-01,16.387,0.126
1911-09-01,15.799,0.118
1911-10-01,15.063,0.108
1911-11-01,14.062,0.108
1911-12-01,13.425,0.115
1912-01-01,13.249,0.125
1912-02-01,13.595,0.115
1912-03-01,13.995,0.115
1912-04-01,15.065,0.118
1912-05-01,15.813,0.126
1912-06-01,16.397000000000002,0.113
1912-07-01,16.509,0.12
1912-08-01,16.309,0.125
1912-09-01,15.685,0.117
1912-10-01,14.751,0.108
1912-11-01,13.928,0.107
1912-12-01,13.23,0.114
1913-01-01,13.066,0.122
1913-02-01,13.344,0.122
1913-03-01,13.953,0.11
1913-04-01,14.957,0.117
1913-05-01,15.679,0.123
1913-06-01,16.215999999999998,0.117
1913-07-01,16.552,0.122
1913-08-01,16.496000000000002,0.126
1913-09-01,15.867,0.111
1913-10-01,15.028,0.104
1913-11-01,14.123,0.111
1913-12-01,13.624,0.12
1914-01-01,13.545,0.128
1914-02-01,13.576,0.111
1914-03-01,14.103,0.116
1914-04-01,15.018,0.119
1914-05-01,15.857,0.127
1914-06-01,16.421000000000006,0.114
1914-07-01,16.653,0.131
1914-08-01,16.692,0.132
1914-09-01,16.075,0.1369999999999999
1914-10-01,15.223,0.124
1914-11-01,14.155,0.125
1914-12-01,13.597,0.139
1915-01-01,13.32,0.134
1915-02-01,13.675,0.1369999999999999
1915-03-01,14.32,0.131
1915-04-01,15.292,0.135
1915-05-01,16.067,0.138
1915-06-01,16.445,0.133
1915-07-01,16.817,0.145
1915-08-01,16.802,0.144
1915-09-01,16.102,0.135
1915-10-01,15.093,0.125
1915-11-01,14.254,0.127
1915-12-01,13.538,0.127
1916-01-01,13.294,0.134
1916-02-01,13.581,0.134
1916-03-01,14.121,0.142
1916-04-01,14.975,0.134
1916-05-01,15.779000000000002,0.139
1916-06-01,16.290000000000006,0.126
1916-07-01,16.599,0.145
1916-08-01,16.511,0.142
1916-09-01,15.927,0.132
1916-10-01,14.919,0.128
1916-11-01,13.814,0.131
1916-12-01,13.005999999999998,0.131
1917-01-01,12.84,0.138
1917-02-01,13.099,0.151
1917-03-01,13.800999999999998,0.136
1917-04-01,14.815,0.142
1917-05-01,15.537,0.143
1917-06-01,16.239,0.132
1917-07-01,16.706,0.144
1917-08-01,16.580000000000002,0.149
1917-09-01,16.058,0.142
1917-10-01,14.942,0.126
1917-11-01,14.002,0.138
1917-12-01,13.098,0.145
1918-01-01,13.129,0.141
1918-02-01,13.312,0.156
1918-03-01,14.034,0.147
1918-04-01,14.794,0.148
1918-05-01,15.733,0.156
1918-06-01,16.305999999999997,0.14
1918-07-01,16.596,0.149
1918-08-01,16.552,0.147
1918-09-01,16.074,0.147
1918-10-01,15.252,0.144
1918-11-01,14.297,0.148
1918-12-01,13.439,0.155
1919-01-01,13.309,0.152
1919-02-01,13.678,0.151
1919-03-01,14.22,0.148
1919-04-01,15.253,0.15
1919-05-01,15.847,0.14
1919-06-01,16.375,0.132
1919-07-01,16.582,0.144
1919-08-01,16.498,0.153
1919-09-01,16.025,0.141
1919-10-01,15.117,0.129
1919-11-01,13.914,0.136
1919-12-01,13.263,0.138
1920-01-01,13.257,0.1369999999999999
1920-02-01,13.347,0.136
1920-03-01,14.25,0.138
1920-04-01,15.079,0.145
1920-05-01,15.855,0.141
1920-06-01,16.415000000000006,0.131
1920-07-01,16.692999999999998,0.143
1920-08-01,16.625999999999998,0.143
1920-09-01,16.117,0.133
1920-10-01,15.206,0.125
1920-11-01,14.159,0.128
1920-12-01,13.311,0.127
1921-01-01,13.439,0.146
1921-02-01,13.622,0.129
1921-03-01,14.128,0.1369999999999999
1921-04-01,15.005,0.129
1921-05-01,15.826,0.129
1921-06-01,16.490000000000002,0.122
1921-07-01,16.783,0.136
1921-08-01,16.618000000000002,0.1369999999999999
1921-09-01,16.166,0.125
1921-10-01,15.285,0.117
1921-11-01,14.236,0.12
1921-12-01,13.627,0.123
1922-01-01,13.177,0.121
1922-02-01,13.453,0.128
1922-03-01,14.245,0.121
1922-04-01,15.168,0.127
1922-05-01,15.778,0.13
1922-06-01,16.406000000000002,0.117
1922-07-01,16.745,0.13
1922-08-01,16.532,0.134
1922-09-01,15.981,0.121
1922-10-01,15.043,0.12
1922-11-01,14.117,0.121
1922-12-01,13.503,0.119
1923-01-01,13.24,0.127
1923-02-01,13.358,0.124
1923-03-01,14.049,0.122
1923-04-01,14.959,0.122
1923-05-01,15.724,0.128
1923-06-01,16.452,0.12
1923-07-01,16.628,0.129
1923-08-01,16.54,0.1369999999999999
1923-09-01,15.992,0.12
1923-10-01,15.249,0.112
1923-11-01,14.404000000000002,0.112
1923-12-01,13.739,0.119
1924-01-01,13.303,0.134
1924-02-01,13.585,0.127
1924-03-01,14.325,0.119
1924-04-01,15.081,0.127
1924-05-01,15.918,0.127
1924-06-01,16.461000000000002,0.116
1924-07-01,16.724,0.131
1924-08-01,16.555999999999997,0.134
1924-09-01,16.003,0.122
1924-10-01,15.042,0.117
1924-11-01,14.132,0.116
1924-12-01,13.342,0.124
1925-01-01,13.157,0.125
1925-02-01,13.361,0.121
1925-03-01,14.155,0.124
1925-04-01,15.011,0.124
1925-05-01,15.855,0.13
1925-06-01,16.413,0.116
1925-07-01,16.740000000000002,0.129
1925-08-01,16.715999999999998,0.135
1925-09-01,16.14,0.126
1925-10-01,15.220999999999998,0.117
1925-11-01,14.418,0.118
1925-12-01,13.897,0.122
1926-01-01,13.739,0.128
1926-02-01,13.842,0.115
1926-03-01,14.536,0.116
1926-04-01,15.214,0.127
1926-05-01,15.932,0.129
1926-06-01,16.581,0.117
1926-07-01,16.766000000000002,0.13
1926-08-01,16.8,0.135
1926-09-01,16.222,0.12
1926-10-01,15.372,0.115
1926-11-01,14.351,0.116
1926-12-01,13.538,0.121
1927-01-01,13.323,0.13
1927-02-01,13.65,0.12
1927-03-01,14.084,0.121
1927-04-01,15.045,0.118
1927-05-01,15.873,0.127
1927-06-01,16.444000000000006,0.114
1927-07-01,16.812,0.13
1927-08-01,16.742,0.136
1927-09-01,16.224,0.119
1927-10-01,15.435,0.112
1927-11-01,14.342,0.113
1927-12-01,13.493,0.12
1928-01-01,13.637,0.121
1928-02-01,13.722,0.123
1928-03-01,14.229,0.119
1928-04-01,15.126,0.127
1928-05-01,15.88,0.134
1928-06-01,16.355,0.119
1928-07-01,16.796,0.128
1928-08-01,16.7,0.133
1928-09-01,16.066,0.12
1928-10-01,15.232,0.112
1928-11-01,14.276,0.122
1928-12-01,13.568,0.122
1929-01-01,13.137,0.134
1929-02-01,13.241,0.12
1929-03-01,14.079,0.121
1929-04-01,14.987,0.126
1929-05-01,15.716,0.128
1929-06-01,16.328000000000007,0.117
1929-07-01,16.59,0.134
1929-08-01,16.671,0.138
1929-09-01,16.092,0.126
1929-10-01,15.248,0.113
1929-11-01,14.313,0.118
1929-12-01,13.207,0.121
1930-01-01,13.26,0.13
1930-02-01,13.54,0.126
1930-03-01,14.326,0.127
1930-04-01,15.081,0.124
1930-05-01,15.911,0.131
1930-06-01,16.473000000000006,0.122
1930-07-01,16.854,0.1369999999999999
1930-08-01,16.791,0.146
1930-09-01,16.25,0.131
1930-10-01,15.355,0.121
1930-11-01,14.505,0.128
1930-12-01,13.724,0.124
1931-01-01,13.529000000000002,0.13
1931-02-01,13.621,0.125
1931-03-01,14.347,0.126
1931-04-01,15.116,0.126
1931-05-01,15.872,0.129
1931-06-01,16.630000000000006,0.126
1931-07-01,16.967,0.138
1931-08-01,16.887,0.145
1931-09-01,16.294,0.129
1931-10-01,15.448,0.125
1931-11-01,14.317,0.125
1931-12-01,13.711,0.125
1932-01-01,13.687,0.131
1932-02-01,13.658,0.124
1932-03-01,14.252,0.129
1932-04-01,15.335,0.129
1932-05-01,16.018,0.132
1932-06-01,16.504,0.126
1932-07-01,16.846,0.138
1932-08-01,16.68,0.143
1932-09-01,16.262999999999998,0.133
1932-10-01,15.28,0.123
1932-11-01,14.175,0.122
1932-12-01,13.558,0.123
1933-01-01,13.26,0.129
1933-02-01,13.505999999999998,0.12
1933-03-01,14.130999999999998,0.12
1933-04-01,15.043,0.13
1933-05-01,15.823,0.134
1933-06-01,16.337,0.126
1933-07-01,16.704,0.136
1933-08-01,16.701,0.138
1933-09-01,16.024,0.129
1933-10-01,15.143,0.125
1933-11-01,14.130999999999998,0.118
1933-12-01,13.352,0.12
1934-01-01,13.276,0.124
1934-02-01,13.701,0.125
1934-03-01,14.072,0.122
1934-04-01,15.02,0.128
1934-05-01,15.951,0.127
1934-06-01,16.578000000000007,0.121
1934-07-01,16.851,0.134
1934-08-01,16.740000000000002,0.141
1934-09-01,16.128,0.122
1934-10-01,15.332,0.118
1934-11-01,14.412,0.113
1934-12-01,13.673,0.118
1935-01-01,13.299,0.121
1935-02-01,13.857,0.119
1935-03-01,14.269,0.115
1935-04-01,15.013,0.126
1935-05-01,15.848,0.128
1935-06-01,16.504,0.122
1935-07-01,16.848,0.131
1935-08-01,16.715,0.139
1935-09-01,16.143,0.12
1935-10-01,15.311,0.114
1935-11-01,14.069,0.115
1935-12-01,13.55,0.118
1936-01-01,13.26,0.115
1936-02-01,13.533,0.118
1936-03-01,14.206,0.116
1936-04-01,15.089,0.122
1936-05-01,15.935,0.125
1936-06-01,16.524,0.116
1936-07-01,16.928,0.13
1936-08-01,16.811,0.134
1936-09-01,16.191,0.121
1936-10-01,15.412,0.116
1936-11-01,14.338,0.113
1936-12-01,13.767,0.118
1937-01-01,13.417,0.116
1937-02-01,13.904000000000002,0.116
1937-03-01,14.276,0.119
1937-04-01,15.228,0.117
1937-05-01,16.051,0.125
1937-06-01,16.679000000000002,0.116
1937-07-01,17.054000000000002,0.128
1937-08-01,16.941,0.135
1937-09-01,16.402,0.124
1937-10-01,15.523,0.113
1937-11-01,14.447,0.113
1937-12-01,13.684,0.118
1938-01-01,13.595999999999998,0.111
1938-02-01,13.827,0.112
1938-03-01,14.491,0.111
1938-04-01,15.363,0.119
1938-05-01,16.000999999999998,0.129
1938-06-01,16.607000000000006,0.117
1938-07-01,16.871,0.127
1938-08-01,16.904,0.132
1938-09-01,16.367,0.122
1938-10-01,15.526,0.113
1938-11-01,14.408,0.114
1938-12-01,13.556,0.116
1939-01-01,13.537999999999998,0.114
1939-02-01,13.757,0.112
1939-03-01,14.273,0.113
1939-04-01,15.296,0.119
1939-05-01,16.174,0.128
1939-06-01,16.712,0.119
1939-07-01,16.988,0.127
1939-08-01,16.892,0.139
1939-09-01,16.3,0.126
1939-10-01,15.232,0.122
1939-11-01,14.379,0.116
1939-12-01,14.087,0.112
1940-01-01,13.576,0.12
1940-02-01,13.932,0.116
1940-03-01,14.48,0.115
1940-04-01,15.452,0.125
1940-05-01,16.08,0.132
1940-06-01,16.725,0.119
1940-07-01,17.123,0.132
1940-08-01,16.945999999999998,0.134
1940-09-01,16.43,0.126
1940-10-01,15.384,0.118
1940-11-01,14.377,0.12
1940-12-01,13.96,0.117
1941-01-01,13.622,0.111
1941-02-01,13.946000000000002,0.109
1941-03-01,14.425,0.104
1941-04-01,15.407,0.114
1941-05-01,16.152,0.122
1941-06-01,16.753,0.112
1941-07-01,17.131,0.122
1941-08-01,16.915,0.126
1941-09-01,16.19,0.112
1941-10-01,15.629,0.107
1941-11-01,14.475,0.11
1941-12-01,13.970999999999998,0.142
1942-01-01,13.821,0.13
1942-02-01,13.773,0.123
1942-03-01,14.538,0.124
1942-04-01,15.307,0.131
1942-05-01,16.147000000000002,0.142
1942-06-01,16.729000000000006,0.127
1942-07-01,16.902,0.141
1942-08-01,16.766000000000002,0.147
1942-09-01,16.265,0.142
1942-10-01,15.358,0.134
1942-11-01,14.425999999999998,0.126
1942-12-01,13.872,0.13
1943-01-01,13.522,0.136
1943-02-01,13.939,0.126
1943-03-01,14.371,0.127
1943-04-01,15.335,0.1369999999999999
1943-05-01,16.123,0.143
1943-06-01,16.596,0.132
1943-07-01,16.95,0.143
1943-08-01,16.912,0.145
1943-09-01,16.285,0.129
1943-10-01,15.62,0.129
1943-11-01,14.53,0.128
1943-12-01,13.957,0.129
1944-01-01,13.819,0.117
1944-02-01,14.023,0.121
1944-03-01,14.632,0.122
1944-04-01,15.432,0.129
1944-05-01,16.212,0.135
1944-06-01,16.772000000000002,0.125
1944-07-01,17.119,0.1369999999999999
1944-08-01,17.117,0.142
1944-09-01,16.472,0.13
1944-10-01,15.623,0.123
1944-11-01,14.401,0.125
1944-12-01,13.767,0.127
1945-01-01,13.586,0.122
1945-02-01,13.747,0.125
1945-03-01,14.462,0.124
1945-04-01,15.431,0.131
1945-05-01,16.064,0.142
1945-06-01,16.660999999999998,0.131
1945-07-01,16.910999999999998,0.145
1945-08-01,17.105999999999998,0.149
1945-09-01,16.358,0.133
1945-10-01,15.574000000000002,0.119
1945-11-01,14.453,0.121
1945-12-01,13.616,0.122
1946-01-01,13.638,0.129
1946-02-01,13.816,0.128
1946-03-01,14.514,0.125
1946-04-01,15.441,0.127
1946-05-01,15.994000000000002,0.143
1946-06-01,16.512999999999998,0.1369999999999999
1946-07-01,16.944000000000003,0.139
1946-08-01,16.717000000000002,0.143
1946-09-01,16.252,0.143
1946-10-01,15.437,0.13
1946-11-01,14.359000000000002,0.12
1946-12-01,13.528,0.125
1947-01-01,13.532,0.125
1947-02-01,13.832,0.116
1947-03-01,14.54,0.124
1947-04-01,15.373,0.128
1947-05-01,16.089000000000002,0.135
1947-06-01,16.701,0.126
1947-07-01,16.973,0.138
1947-08-01,16.804000000000002,0.136
1947-09-01,16.261,0.131
1947-10-01,15.49,0.13
1947-11-01,14.435,0.128
1947-12-01,13.692,0.128
1948-01-01,13.666,0.119
1948-02-01,13.692,0.123
1948-03-01,14.284,0.125
1948-04-01,15.265999999999998,0.127
1948-05-01,16.173,0.135
1948-06-01,16.742,0.129
1948-07-01,16.938,0.141
1948-08-01,16.902,0.136
1948-09-01,16.243,0.127
1948-10-01,15.389,0.123
1948-11-01,14.299,0.131
1948-12-01,13.54,0.126
1949-01-01,13.704,0.101
1949-02-01,13.686,0.101
1949-03-01,14.322,0.102
1949-04-01,15.312,0.109
1949-05-01,16.063,0.117
1949-06-01,16.467000000000002,0.107
1949-07-01,16.807000000000002,0.12
1949-08-01,16.796,0.123
1949-09-01,16.177,0.107
1949-10-01,15.375,0.101
1949-11-01,14.331,0.099
1949-12-01,13.633,0.102
1950-01-01,13.311,0.095
1950-02-01,13.554,0.101
1950-03-01,14.296,0.097
1950-04-01,15.093,0.102
1950-05-01,16.033,0.106
1950-06-01,16.66,0.105
1950-07-01,16.980999999999998,0.115
1950-08-01,16.730999999999998,0.108
1950-09-01,16.124000000000002,0.106
1950-10-01,15.245,0.103
1950-11-01,14.06,0.093
1950-12-01,13.586,0.097
1951-01-01,13.341,0.09
1951-02-01,13.488,0.093
1951-03-01,14.278,0.092
1951-04-01,15.198,0.095
1951-05-01,16.158,0.112
1951-06-01,16.768,0.106
1951-07-01,17.046,0.11
1951-08-01,17.081,0.11
1951-09-01,16.43,0.101
1951-10-01,15.529000000000002,0.094
1951-11-01,14.422,0.093
1951-12-01,13.995,0.091
1952-01-01,13.762,0.089
1952-02-01,14.009,0.093
1952-03-01,14.373,0.093
1952-04-01,15.363,0.103
1952-05-01,16.129,0.115
1952-06-01,16.750999999999998,0.104
1952-07-01,17.067999999999998,0.118
1952-08-01,16.952,0.118
1952-09-01,16.395,0.104
1952-10-01,15.434,0.096
1952-11-01,14.334,0.093
1952-12-01,13.787,0.094
1953-01-01,13.642,0.092
1953-02-01,14.02,0.094
1953-03-01,14.561,0.093
1953-04-01,15.518,0.103
1953-05-01,16.266,0.114
1953-06-01,16.89,0.105
1953-07-01,17.088,0.118
1953-08-01,16.985,0.119
1953-09-01,16.418,0.105
1953-10-01,15.470999999999998,0.094
1953-11-01,14.332,0.095
1953-12-01,13.862,0.095
1954-01-01,13.38,0.089
1954-02-01,13.783,0.093
1954-03-01,14.385,0.094
1954-04-01,15.226,0.102
1954-05-01,15.970999999999998,0.102
1954-06-01,16.609,0.096
1954-07-01,16.851,0.104
1954-08-01,16.816,0.103
1954-09-01,16.223,0.099
1954-10-01,15.423,0.088
1954-11-01,14.48,0.086
1954-12-01,13.62,0.088
1955-01-01,13.717,0.086
1955-02-01,13.718,0.087
1955-03-01,14.179,0.083
1955-04-01,15.119000000000002,0.091
1955-05-01,15.882,0.1
1955-06-01,16.555,0.087
1955-07-01,16.809,0.093
1955-08-01,16.899,0.098
1955-09-01,16.148,0.089
1955-10-01,15.333,0.0819999999999999
1955-11-01,14.211,0.081
1955-12-01,13.522,0.08
1956-01-01,13.444,0.075
1956-02-01,13.626,0.086
1956-03-01,14.231,0.074
1956-04-01,15.029000000000002,0.0819999999999999
1956-05-01,15.823,0.094
1956-06-01,16.472,0.078
1956-07-01,16.830000000000002,0.0819999999999999
1956-08-01,16.605,0.075
1956-09-01,16.088,0.081
1956-10-01,15.159,0.075
1956-11-01,14.261,0.078
1956-12-01,13.704,0.076
1957-01-01,13.473,0.073
1957-02-01,13.804,0.074
1957-03-01,14.380999999999998,0.07
1957-04-01,15.324000000000002,0.087
1957-05-01,16.215999999999998,0.084
1957-06-01,16.878,0.091
1957-07-01,17.034000000000002,0.095
1957-08-01,17.049,0.101
1957-09-01,16.38,0.112
1957-10-01,15.463,0.081
1957-11-01,14.515999999999998,0.073
1957-12-01,13.970999999999998,0.072
1958-01-01,13.880999999999998,0.075
1958-02-01,14.071000000000002,0.0819999999999999
1958-03-01,14.547,0.069
1958-04-01,15.359000000000002,0.073
1958-05-01,16.18,0.073
1958-06-01,16.619,0.074
1958-07-01,17.039,0.093
1958-08-01,16.832,0.07
1958-09-01,16.284000000000002,0.074
1958-10-01,15.437,0.074
1958-11-01,14.507,0.067
1958-12-01,13.829,0.07
1959-01-01,13.636,0.069
1959-02-01,13.873,0.072
1959-03-01,14.612,0.088
1959-04-01,15.439,0.0819999999999999
1959-05-01,16.122,0.071
1959-06-01,16.776,0.07
1959-07-01,17.002,0.0819999999999999
1959-08-01,16.908,0.068
1959-09-01,16.278,0.074
1959-10-01,15.405,0.076
1959-11-01,14.272,0.068
1959-12-01,13.763,0.067
1960-01-01,13.553,0.067
1960-02-01,13.956,0.07
1960-03-01,14.145,0.066
1960-04-01,15.19,0.066
1960-05-01,15.956,0.079
1960-06-01,16.67,0.071
1960-07-01,16.985,0.07
1960-08-01,16.969,0.069
1960-09-01,16.382,0.069
1960-10-01,15.456,0.068
1960-11-01,14.313,0.073
1960-12-01,13.928,0.064
1961-01-01,13.664,0.064
1961-02-01,14.058,0.067
1961-03-01,14.609000000000002,0.062
1961-04-01,15.444,0.068
1961-05-01,16.241,0.071
1961-06-01,16.810000000000002,0.079
1961-07-01,16.987000000000002,0.071
1961-08-01,16.917,0.072
1961-09-01,16.309,0.063
1961-10-01,15.401,0.071
1961-11-01,14.437,0.059
1961-12-01,13.682,0.059
1962-01-01,13.655,0.06
1962-02-01,14.003,0.059
1962-03-01,14.522,0.069
1962-04-01,15.353,0.076
1962-05-01,16.041,0.068
1962-06-01,16.679000000000002,0.099
1962-07-01,16.952,0.068
1962-08-01,16.830000000000002,0.065
1962-09-01,16.246,0.094
1962-10-01,15.429,0.084
1962-11-01,14.421,0.067
1962-12-01,13.776,0.061
1963-01-01,13.594,0.063
1963-02-01,14.014,0.064
1963-03-01,14.357,0.063
1963-04-01,15.216,0.059
1963-05-01,16.05,0.069
1963-06-01,16.675,0.068
1963-07-01,17.089000000000002,0.077
1963-08-01,17.061,0.07
1963-09-01,16.48,0.075
1963-10-01,15.587,0.074
1963-11-01,14.58,0.07
1963-12-01,13.817,0.068
1964-01-01,13.595,0.076
1964-02-01,13.73,0.064
1964-03-01,14.255999999999998,0.062
1964-04-01,15.062,0.063
1964-05-01,15.856,0.066
1964-06-01,16.590999999999998,0.064
1964-07-01,16.784000000000002,0.073
1964-08-01,16.634,0.078
1964-09-01,16.002,0.06
1964-10-01,15.171,0.061
1964-11-01,14.202,0.056
1964-12-01,13.522,0.059
1965-01-01,13.545,0.061
1965-02-01,13.698,0.061
1965-03-01,14.285,0.068
1965-04-01,15.095,0.061
1965-05-01,16.007,0.079
1965-06-01,16.532,0.087
1965-07-01,16.762,0.076
1965-08-01,16.803,0.065
1965-09-01,16.154,0.064
1965-10-01,15.406,0.063
1965-11-01,14.287,0.06
1965-12-01,13.775,0.062
1966-01-01,13.495,0.057
1966-02-01,13.81,0.062
1966-03-01,14.445,0.066
1966-04-01,15.254,0.059
1966-05-01,15.987,0.061
1966-06-01,16.692999999999998,0.076
1966-07-01,17.033,0.07
1966-08-01,16.826,0.068
1966-09-01,16.273,0.069
1966-10-01,15.315,0.061
1966-11-01,14.362,0.058
1966-12-01,13.683,0.057
1967-01-01,13.527,0.055
1967-02-01,13.688,0.064
1967-03-01,14.465,0.057
1967-04-01,15.3,0.061
1967-05-01,16.279,0.061
1967-06-01,16.665000000000006,0.057
1967-07-01,16.97,0.078
1967-08-01,16.84,0.064
1967-09-01,16.244,0.06
1967-10-01,15.469,0.056
1967-11-01,14.353,0.048
1967-12-01,13.73,0.05
1968-01-01,13.389,0.054
1968-02-01,13.724,0.059
1968-03-01,14.581,0.052
1968-04-01,15.261,0.064
1968-05-01,15.99,0.062
1968-06-01,16.695999999999998,0.073
1968-07-01,16.887,0.058
1968-08-01,16.794,0.057
1968-09-01,16.155,0.076
1968-10-01,15.481,0.066
1968-11-01,14.418,0.051
1968-12-01,13.791,0.05
1969-01-01,13.518,0.048
1969-02-01,13.747,0.052
1969-03-01,14.576,0.056
1969-04-01,15.518,0.062
1969-05-01,16.329,0.053
1969-06-01,16.830000000000002,0.062
1969-07-01,16.924,0.059
1969-08-01,16.945,0.056
1969-09-01,16.337,0.053
1969-10-01,15.445,0.056
1969-11-01,14.524,0.051
1969-12-01,13.993,0.054
1970-01-01,13.711,0.052
1970-02-01,14.022,0.053
1970-03-01,14.503,0.058
1970-04-01,15.44,0.051
1970-05-01,16.104,0.055
1970-06-01,16.672,0.056
1970-07-01,16.912,0.058
1970-08-01,16.748,0.052
1970-09-01,16.335,0.055
1970-10-01,15.42,0.051
1970-11-01,14.418,0.05
1970-12-01,13.707,0.048
1971-01-01,13.615,0.054
1971-02-01,13.627,0.067
1971-03-01,14.254,0.049
1971-04-01,15.227,0.049
1971-05-01,15.963,0.058
1971-06-01,16.539,0.059
1971-07-01,16.846,0.061
1971-08-01,16.752,0.056
1971-09-01,16.22,0.062
1971-10-01,15.298,0.056
1971-11-01,14.399,0.052
1971-12-01,13.66,0.051
1972-01-01,13.298,0.053
1972-02-01,13.644,0.054
1972-03-01,14.446,0.048
1972-04-01,15.291,0.051
1972-05-01,16.095,0.058
1972-06-01,16.729000000000006,0.061
1972-07-01,16.956,0.063
1972-08-01,16.977999999999998,0.057
1972-09-01,16.27,0.061
1972-10-01,15.438,0.064
1972-11-01,14.419,0.05
1972-12-01,13.951,0.05
1973-01-01,13.774,0.052
1973-02-01,14.14,0.064
1973-03-01,14.663,0.052
1973-04-01,15.528,0.055
1973-05-01,16.288,0.053
1973-06-01,16.795,0.052
1973-07-01,17.002,0.061
1973-08-01,16.889,0.062
1973-09-01,16.267,0.054
1973-10-01,15.419,0.053
1973-11-01,14.380999999999998,0.05
1973-12-01,13.711,0.051
1974-01-01,13.3,0.052
1974-02-01,13.49,0.057
1974-03-01,14.267,0.054
1974-04-01,15.182,0.053
1974-05-01,15.957,0.053
1974-06-01,16.616,0.063
1974-07-01,16.846,0.053
1974-08-01,16.912,0.06
1974-09-01,16.197,0.065
1974-10-01,15.274,0.051
1974-11-01,14.32,0.057
1974-12-01,13.656,0.057
1975-01-01,13.621,0.051
1975-02-01,13.857,0.053
1975-03-01,14.538,0.048
1975-04-01,15.297,0.049
1975-05-01,16.136,0.054
1975-06-01,16.682000000000002,0.057
1975-07-01,16.877,0.059
1975-08-01,16.665,0.079
1975-09-01,16.215999999999998,0.061
1975-10-01,15.292,0.053
1975-11-01,14.126,0.049
1975-12-01,13.557,0.051
1976-01-01,13.442,0.05
1976-02-01,13.619000000000002,0.05
1976-03-01,14.124,0.049
1976-04-01,15.135,0.053
1976-05-01,15.778,0.067
1976-06-01,16.448,0.06
1976-07-01,16.864,0.073
1976-08-01,16.671,0.072
1976-09-01,16.185,0.056
1976-10-01,15.167,0.059
1976-11-01,14.299,0.05
1976-12-01,13.841,0.05
1977-01-01,13.646999999999998,0.05
1977-02-01,14.001,0.056
1977-03-01,14.639,0.055
1977-04-01,15.47,0.049
1977-05-01,16.285999999999998,0.061
1977-06-01,16.846,0.056
1977-07-01,17.047,0.06
1977-08-01,16.979,0.053
1977-09-01,16.312,0.054
1977-10-01,15.387,0.049
1977-11-01,14.544,0.048
1977-12-01,13.741,0.045
1978-01-01,13.587,0.054
1978-02-01,13.904000000000002,0.06
1978-03-01,14.555,0.052
1978-04-01,15.372,0.05
1978-05-01,16.101,0.061
1978-06-01,16.601000000000006,0.057
1978-07-01,16.935,0.067
1978-08-01,16.623,0.056
1978-09-01,16.281,0.058
1978-10-01,15.337,0.054
1978-11-01,14.522,0.05
1978-12-01,13.793,0.047
1979-01-01,13.63,0.048
1979-02-01,13.768,0.047
1979-03-01,14.565,0.051
1979-04-01,15.390999999999998,0.046
1979-05-01,16.076,0.058
1979-06-01,16.772000000000002,0.043
1979-07-01,16.992,0.042
1979-08-01,16.977999999999998,0.046
1979-09-01,16.45,0.048
1979-10-01,15.557,0.049
1979-11-01,14.609000000000002,0.047
1979-12-01,14.182,0.045
1980-01-01,13.812,0.049
1980-02-01,14.112,0.05
1980-03-01,14.646,0.052
1980-04-01,15.578,0.052
1980-05-01,16.314,0.05
1980-06-01,16.805999999999997,0.058
1980-07-01,17.171,0.06
1980-08-01,17.049,0.077
1980-09-01,16.427,0.051
1980-10-01,15.45,0.048
1980-11-01,14.645,0.051
1980-12-01,13.892,0.046
1981-01-01,13.963,0.055
1981-02-01,14.073,0.059
1981-03-01,14.769,0.045
1981-04-01,15.432,0.05
1981-05-01,16.198,0.049
1981-06-01,16.932000000000002,0.058
1981-07-01,17.217,0.054
1981-08-01,17.123,0.055
1981-09-01,16.465999999999998,0.058
1981-10-01,15.453,0.05
1981-11-01,14.47,0.047
1981-12-01,14.098,0.048
1982-01-01,13.587,0.053
1982-02-01,13.852,0.053
1982-03-01,14.337,0.054
1982-04-01,15.33,0.054
1982-05-01,16.144000000000002,0.054
1982-06-01,16.625,0.053
1982-07-01,17.0,0.058
1982-08-01,16.867,0.054
1982-09-01,16.354,0.055
1982-10-01,15.493,0.054
1982-11-01,14.446,0.057
1982-12-01,14.068,0.058
1983-01-01,13.979,0.057
1983-02-01,14.169,0.068
1983-03-01,14.683,0.053
1983-04-01,15.468,0.048
1983-05-01,16.34,0.056
1983-06-01,16.785999999999998,0.061
1983-07-01,17.067999999999998,0.054
1983-08-01,17.145,0.052
1983-09-01,16.573,0.059
1983-10-01,15.498,0.058
1983-11-01,14.648,0.054
1983-12-01,13.886,0.05
1984-01-01,13.701,0.052
1984-02-01,13.878,0.056
1984-03-01,14.608,0.056
1984-04-01,15.37,0.068
1984-05-01,16.294999999999998,0.052
1984-06-01,16.668000000000006,0.073
1984-07-01,16.961000000000002,0.063
1984-08-01,16.972,0.054
1984-09-01,16.385,0.053
1984-10-01,15.368,0.054
1984-11-01,14.32,0.055
1984-12-01,13.604,0.05
1985-01-01,13.678,0.052
1985-02-01,13.731,0.051
1985-03-01,14.526,0.05
1985-04-01,15.356,0.054
1985-05-01,16.136,0.05
1985-06-01,16.713,0.07
1985-07-01,16.906,0.051
1985-08-01,17.012999999999998,0.05
1985-09-01,16.357,0.054
1985-10-01,15.476,0.054
1985-11-01,14.388,0.055
1985-12-01,13.808,0.056
1986-01-01,13.724,0.057
1986-02-01,14.084,0.056
1986-03-01,14.608,0.049
1986-04-01,15.452,0.054
1986-05-01,16.163,0.049
1986-06-01,16.695999999999998,0.05
1986-07-01,16.991,0.05
1986-08-01,16.938,0.05
1986-09-01,16.285,0.063
1986-10-01,15.455,0.054
1986-11-01,14.407,0.055
1986-12-01,13.805,0.052
1987-01-01,13.758,0.058
1987-02-01,14.161,0.053
1987-03-01,14.538,0.051
1987-04-01,15.447,0.052
1987-05-01,16.252,0.051
1987-06-01,16.900000000000002,0.051
1987-07-01,17.296,0.063
1987-08-01,17.061,0.06
1987-09-01,16.569000000000003,0.053
1987-10-01,15.621,0.051
1987-11-01,14.561,0.049
1987-12-01,14.13,0.048
1988-01-01,13.978,0.052
1988-02-01,14.064,0.052
1988-03-01,14.778,0.054
1988-04-01,15.593,0.051
1988-05-01,16.348,0.054
1988-06-01,16.976000000000006,0.057
1988-07-01,17.179000000000002,0.051
1988-08-01,17.173000000000002,0.059
1988-09-01,16.553,0.053
1988-10-01,15.639,0.052
1988-11-01,14.465,0.052
1988-12-01,13.923,0.052
1989-01-01,13.566,0.058
1989-02-01,13.978000000000002,0.055
1989-03-01,14.607,0.057
1989-04-01,15.422,0.057
1989-05-01,16.121,0.056
1989-06-01,16.725,0.063
1989-07-01,17.150000000000002,0.058
1989-08-01,17.051000000000002,0.052
1989-09-01,16.5,0.059
1989-10-01,15.597,0.051
1989-11-01,14.524,0.052
1989-12-01,14.058,0.053
1990-01-01,13.890999999999998,0.057
1990-02-01,14.143,0.056
1990-03-01,15.005,0.058
1990-04-01,15.683,0.052
1990-05-01,16.397000000000002,0.054
1990-06-01,16.995,0.054
1990-07-01,17.246000000000002,0.065
1990-08-01,17.11,0.054
1990-09-01,16.465,0.063
1990-10-01,15.747,0.053
1990-11-01,14.77,0.065
1990-12-01,14.1,0.056
1991-01-01,13.859000000000002,0.056
1991-02-01,14.201,0.057
1991-03-01,14.689,0.056
1991-04-01,15.716,0.055
1991-05-01,16.37,0.054
1991-06-01,17.052,0.057
1991-07-01,17.348,0.053
1991-08-01,17.163,0.055
1991-09-01,16.572,0.056
1991-10-01,15.619000000000002,0.055
1991-11-01,14.607,0.055
1991-12-01,13.98,0.052
1992-01-01,13.961,0.058
1992-02-01,14.181,0.067
1992-03-01,14.771,0.056
1992-04-01,15.51,0.055
1992-05-01,16.319000000000003,0.059
1992-06-01,16.886000000000006,0.058
1992-07-01,17.000999999999998,0.057
1992-08-01,16.900000000000002,0.057
1992-09-01,16.243,0.053
1992-10-01,15.419,0.054
1992-11-01,14.343,0.056
1992-12-01,13.902,0.068
1993-01-01,13.896,0.062
1993-02-01,14.085,0.06
1993-03-01,14.725,0.061
1993-04-01,15.482,0.055
1993-05-01,16.230999999999998,0.056
1993-06-01,16.859,0.058
1993-07-01,17.155,0.062
1993-08-01,16.926000000000002,0.058
1993-09-01,16.381,0.062
1993-10-01,15.543,0.058
1993-11-01,14.41,0.059
1993-12-01,13.904000000000002,0.059
1994-01-01,13.731,0.057
1994-02-01,13.773,0.062
1994-03-01,14.713,0.058
1994-04-01,15.584,0.057
1994-05-01,16.348,0.06
1994-06-01,17.021,0.061
1994-07-01,17.183,0.059
1994-08-01,17.035999999999998,0.055
1994-09-01,16.498,0.058
1994-10-01,15.743,0.06
1994-11-01,14.754,0.056
1994-12-01,14.036,0.06
1995-01-01,13.945,0.06
1995-02-01,14.388,0.062
1995-03-01,14.783,0.061
1995-04-01,15.587,0.061
1995-05-01,16.279,0.057
1995-06-01,17.008000000000006,0.061
1995-07-01,17.375,0.061
1995-08-01,17.297,0.061
1995-09-01,16.580000000000002,0.06
1995-10-01,15.748,0.062
1995-11-01,14.713,0.06
1995-12-01,13.951,0.059
1996-01-01,13.720999999999998,0.059
1996-02-01,14.207,0.064
1996-03-01,14.658,0.059
1996-04-01,15.541,0.057
1996-05-01,16.272000000000002,0.063
1996-06-01,16.847,0.058
1996-07-01,17.22,0.061
1996-08-01,17.21,0.059
1996-09-01,16.444000000000003,0.056
1996-10-01,15.515999999999998,0.061
1996-11-01,14.607,0.059
1996-12-01,14.053,0.058
1997-01-01,13.818,0.058
1997-02-01,14.178,0.059
1997-03-01,14.873,0.068
1997-04-01,15.634,0.055
1997-05-01,16.387999999999998,0.056
1997-06-01,17.158,0.056
1997-07-01,17.307000000000002,0.065
1997-08-01,17.266000000000002,0.059
1997-09-01,16.766000000000002,0.061
1997-10-01,15.935,0.056
1997-11-01,14.952,0.06
1997-12-01,14.291,0.057
1998-01-01,14.063,0.063
1998-02-01,14.611,0.066
1998-03-01,14.958,0.065
1998-04-01,15.884,0.062
1998-05-01,16.671,0.062
1998-06-01,17.289,0.066
1998-07-01,17.609,0.062
1998-08-01,17.491,0.062
1998-09-01,16.657,0.061
1998-10-01,15.768,0.064
1998-11-01,14.697,0.062
1998-12-01,14.214,0.061
1999-01-01,13.933,0.063
1999-02-01,14.367,0.065
1999-03-01,14.675999999999998,0.069
1999-04-01,15.572,0.064
1999-05-01,16.298,0.061
1999-06-01,16.957,0.062
1999-07-01,17.218,0.064
1999-08-01,17.1,0.063
1999-09-01,16.605,0.059
1999-10-01,15.675,0.063
1999-11-01,14.673,0.063
1999-12-01,14.13,0.064
2000-01-01,13.773,0.064
2000-02-01,14.265999999999998,0.065
2000-03-01,14.845999999999998,0.069
2000-04-01,15.762,0.062
2000-05-01,16.395,0.061
2000-06-01,17.0,0.067
2000-07-01,17.242,0.066
2000-08-01,17.243000000000002,0.063
2000-09-01,16.613,0.061
2000-10-01,15.588,0.06
2000-11-01,14.632,0.062
2000-12-01,13.968,0.062
2001-01-01,13.936,0.063
2001-02-01,14.179,0.067
2001-03-01,14.982,0.062
2001-04-01,15.808,0.066
2001-05-01,16.569000000000003,0.066
2001-06-01,17.151,0.063
2001-07-01,17.45,0.065
2001-08-01,17.294,0.068
2001-09-01,16.758,0.065
2001-10-01,15.831,0.064
2001-11-01,15.011,0.064
2001-12-01,14.241,0.062
2002-01-01,14.258,0.062
2002-02-01,14.505,0.065
2002-03-01,15.198,0.064
2002-04-01,15.818,0.062
2002-05-01,16.605,0.062
2002-06-01,17.110000000000007,0.06
2002-07-01,17.487000000000002,0.062
2002-08-01,17.328,0.061
2002-09-01,16.799,0.065
2002-10-01,15.859000000000002,0.062
2002-11-01,14.856,0.067
2002-12-01,14.127,0.063
2003-01-01,14.207,0.064
2003-02-01,14.359000000000002,0.065
2003-03-01,14.973,0.062
2003-04-01,15.774,0.063
2003-05-01,16.567,0.063
2003-06-01,17.104000000000006,0.068
2003-07-01,17.423000000000002,0.078
2003-08-01,17.402,0.063
2003-09-01,16.839000000000002,0.06
2003-10-01,15.997,0.063
2003-11-01,14.838,0.061
2003-12-01,14.436,0.062
2004-01-01,14.097,0.059
2004-02-01,14.488,0.065
2004-03-01,14.992,0.061
2004-04-01,15.811,0.061
2004-05-01,16.383,0.058
2004-06-01,17.006,0.063
2004-07-01,17.227,0.065
2004-08-01,17.266000000000002,0.063
2004-09-01,16.745,0.059
2004-10-01,15.889,0.061
2004-11-01,15.022,0.06
2004-12-01,14.161,0.06
2005-01-01,14.159,0.059
2005-02-01,14.293,0.067
2005-03-01,15.106,0.064
2005-04-01,15.978,0.061
2005-05-01,16.629,0.061
2005-06-01,17.248,0.062
2005-07-01,17.503,0.063
2005-08-01,17.375,0.059
2005-09-01,16.903,0.059
2005-10-01,16.025000000000002,0.059
2005-11-01,15.005,0.058
2005-12-01,14.327,0.058
2006-01-01,13.99,0.059
2006-02-01,14.435,0.066
2006-03-01,14.966,0.062
2006-04-01,15.729,0.061
2006-05-01,16.463,0.06
2006-06-01,17.215999999999998,0.06
2006-07-01,17.419,0.063
2006-08-01,17.479,0.061
2006-09-01,16.792,0.062
2006-10-01,15.935,0.06
2006-11-01,14.931,0.058
2006-12-01,14.407,0.06
2007-01-01,14.417,0.057
2007-02-01,14.408,0.059
2007-03-01,15.017,0.065
2007-04-01,15.93,0.062
2007-05-01,16.629,0.055
2007-06-01,17.168000000000006,0.056
2007-07-01,17.485,0.061
2007-08-01,17.339000000000002,0.061
2007-09-01,16.737000000000002,0.059
2007-10-01,15.867,0.06
2007-11-01,14.821,0.057
2007-12-01,14.11,0.057
2008-01-01,13.719,0.057
2008-02-01,14.061,0.059
2008-03-01,15.077,0.063
2008-04-01,15.735,0.058
2008-05-01,16.497,0.055
2008-06-01,17.077,0.058
2008-07-01,17.449,0.054
2008-08-01,17.282,0.06
2008-09-01,16.757,0.057
2008-10-01,15.931,0.056
2008-11-01,14.919,0.054
2008-12-01,14.151,0.056
2009-01-01,14.091,0.058
2009-02-01,14.267,0.06
2009-03-01,14.873,0.06
2009-04-01,15.819,0.059
2009-05-01,16.570999999999998,0.06
2009-06-01,17.26,0.057
2009-07-01,17.578,0.067
2009-08-01,17.427,0.06
2009-09-01,16.864,0.053
2009-10-01,15.91,0.056
2009-11-01,14.968,0.057
2009-12-01,14.298,0.06
2010-01-01,14.207999999999998,0.06
2010-02-01,14.517,0.061
2010-03-01,15.223,0.059
2010-04-01,16.038999999999998,0.06
2010-05-01,16.732,0.057
2010-06-01,17.271,0.057
2010-07-01,17.532,0.057
2010-08-01,17.412,0.061
2010-09-01,16.761,0.054
2010-10-01,15.939,0.057
2010-11-01,14.995,0.06
2010-12-01,14.117,0.06
2011-01-01,13.928,0.059
2011-02-01,14.193,0.059
2011-03-01,14.88,0.06
2011-04-01,15.832,0.056
2011-05-01,16.523,0.056
2011-06-01,17.203000000000007,0.058
2011-07-01,17.567999999999998,0.062
2011-08-01,17.475,0.059
2011-09-01,16.762,0.057
2011-10-01,15.873,0.059
2011-11-01,14.799,0.06
2011-12-01,14.198,0.063
2012-01-01,13.859000000000002,0.06
2012-02-01,14.164,0.063
2012-03-01,14.863,0.061
2012-04-01,15.880999999999998,0.059
2012-05-01,16.698999999999998,0.064
2012-06-01,17.252000000000002,0.06
2012-07-01,17.45,0.06
2012-08-01,17.42,0.06
2012-09-01,16.882,0.06
2012-10-01,16.019000000000002,0.063
2012-11-01,15.001,0.064
2012-12-01,14.138,0.064
2013-01-01,14.117,0.064
2013-02-01,14.359000000000002,0.065
2013-03-01,14.952,0.066
2013-04-01,15.749,0.065
2013-05-01,16.608999999999998,0.065
2013-06-01,17.257,0.062
2013-07-01,17.503,0.068
2013-08-01,17.462,0.068
2013-09-01,16.894000000000002,0.064
2013-10-01,15.905,0.062
2013-11-01,15.107,0.062
2013-12-01,14.339,0.065
2014-01-01,14.136,0.064
2014-02-01,14.157,0.065
2014-03-01,15.09,0.068
2014-04-01,16.038,0.069
2014-05-01,16.804000000000002,0.059
2014-06-01,17.303,0.064
2014-07-01,17.508,0.061
2014-08-01,17.607,0.064
2014-09-01,16.975,0.059
2014-10-01,16.029,0.059
2014-11-01,14.899,0.064
2014-12-01,14.41,0.062
2015-01-01,14.255,0.066
2015-02-01,14.564,0.067
2015-03-01,15.193,0.061
2015-04-01,15.962,0.061
2015-05-01,16.774,0.058
2015-06-01,17.39,0.057
2015-07-01,17.611,0.058
2015-08-01,17.589000000000002,0.057
2015-09-01,17.049,0.058
2015-10-01,16.29,0.062
2015-11-01,15.252,0.063
2015-12-01,14.774,0.062
